[
  {
    "id": "68d81500-85a6-409f-b596-97a94b917267",
    "data": [
      {
        "text": "can you suggest best ",
        "userDefined": false
      },
      {
        "text": "doctor",
        "alias": "doctor",
        "meta": "@doctor",
        "userDefined": false
      },
      {
        "text": " for ",
        "userDefined": false
      },
      {
        "text": "cancer",
        "alias": "cancer",
        "meta": "@cancer",
        "userDefined": false
      }
    ],
    "isTemplate": false,
    "count": 0,
    "updated": 0
  },
  {
    "id": "55532ee1-e090-4405-9692-50527cd87190",
    "data": [
      {
        "text": "can you tell best ",
        "userDefined": false
      },
      {
        "text": "doctor",
        "alias": "doctor",
        "meta": "@doctor",
        "userDefined": false
      },
      {
        "text": " for ",
        "userDefined": false
      },
      {
        "text": "cancer",
        "alias": "cancer",
        "meta": "@cancer",
        "userDefined": false
      }
    ],
    "isTemplate": false,
    "count": 0,
    "updated": 0
  }
]