[
  {
    "id": "e3ddaebf-2aa9-455c-8347-5b1078174e2d",
    "data": [
      {
        "text": "i am having ",
        "userDefined": false
      },
      {
        "text": "fever",
        "alias": "fever",
        "meta": "@fever",
        "userDefined": false
      },
      {
        "text": " of ",
        "userDefined": false
      },
      {
        "text": "96.2",
        "alias": "number",
        "meta": "@sys.number",
        "userDefined": false
      }
    ],
    "isTemplate": false,
    "count": 0,
    "updated": 1507385788
  },
  {
    "id": "6ddc4648-534d-4b65-b28b-eed6926a0172",
    "data": [
      {
        "text": "i have ",
        "userDefined": false
      },
      {
        "text": "96",
        "alias": "number",
        "meta": "@sys.number",
        "userDefined": false
      },
      {
        "text": " ",
        "userDefined": false
      },
      {
        "text": "fever",
        "alias": "fever",
        "meta": "@fever",
        "userDefined": false
      }
    ],
    "isTemplate": false,
    "count": 0,
    "updated": 1507385788
  },
  {
    "id": "7e6d720d-ba31-4dc1-bc05-8db78b4eada1",
    "data": [
      {
        "text": "i am having a ",
        "userDefined": false
      },
      {
        "text": "temperature",
        "alias": "fever",
        "meta": "@fever",
        "userDefined": false
      },
      {
        "text": " of ",
        "userDefined": false
      },
      {
        "text": "96",
        "alias": "number",
        "meta": "@sys.number",
        "userDefined": false
      }
    ],
    "isTemplate": false,
    "count": 0,
    "updated": 0
  },
  {
    "id": "da76e63c-1511-4b69-8b2e-25b9bc5d7c4d",
    "data": [
      {
        "text": "i am having a ",
        "userDefined": false
      },
      {
        "text": "temperature",
        "alias": "fever",
        "meta": "@fever",
        "userDefined": false
      },
      {
        "text": " of ",
        "userDefined": false
      },
      {
        "text": "95",
        "alias": "number",
        "meta": "@sys.number",
        "userDefined": false
      }
    ],
    "isTemplate": false,
    "count": 0,
    "updated": 0
  },
  {
    "id": "0787ad5e-86a7-4aa0-bc40-018963b8e71a",
    "data": [
      {
        "text": "i am having a ",
        "userDefined": false
      },
      {
        "text": "temperature",
        "alias": "fever",
        "meta": "@fever",
        "userDefined": false
      },
      {
        "text": " of ",
        "userDefined": false
      },
      {
        "text": "94",
        "alias": "number",
        "meta": "@sys.number",
        "userDefined": false
      }
    ],
    "isTemplate": false,
    "count": 0,
    "updated": 0
  }
]