[
  {
    "id": "8b433b3c-b3ec-45b6-ae77-cf09fe1dabf3",
    "data": [
      {
        "text": "can you suggest best medicine for ",
        "userDefined": false
      },
      {
        "text": "fever",
        "alias": "fever",
        "meta": "@fever",
        "userDefined": false
      }
    ],
    "isTemplate": false,
    "count": 0,
    "updated": 0
  },
  {
    "id": "d263c388-f1ee-49b4-93bd-3ddd93fa1f70",
    "data": [
      {
        "text": "can you tell the best ",
        "userDefined": false
      },
      {
        "text": "medicine",
        "alias": "medicine",
        "meta": "@medicine",
        "userDefined": false
      },
      {
        "text": " for ",
        "userDefined": false
      },
      {
        "text": "fever",
        "alias": "fever",
        "meta": "@fever",
        "userDefined": false
      }
    ],
    "isTemplate": false,
    "count": 0,
    "updated": 0
  },
  {
    "id": "ca8c21af-b687-4d19-9c36-91df5b270c32",
    "data": [
      {
        "text": "suggest ",
        "userDefined": false
      },
      {
        "text": "medicines",
        "alias": "medicine",
        "meta": "@medicine",
        "userDefined": false
      },
      {
        "text": " for ",
        "userDefined": false
      },
      {
        "text": "fever",
        "alias": "fever",
        "meta": "@fever",
        "userDefined": false
      }
    ],
    "isTemplate": false,
    "count": 0,
    "updated": 0
  }
]